race,gender,age,upper,lower,d2eb5e79-2a94-43db-b586-f522449f489e_time,d2eb5e79-2a94-43db-b586-f522449f489e_days,d2eb5e79-2a94-43db-b586-f522449f489e_complete,6856acb6-248f-4596-a259-f52a472df78e_time,6856acb6-248f-4596-a259-f52a472df78e_days,6856acb6-248f-4596-a259-f52a472df78e_complete,dda9d40a-6161-4b4f-b82b-72166ad7b476_time,dda9d40a-6161-4b4f-b82b-72166ad7b476_days,dda9d40a-6161-4b4f-b82b-72166ad7b476_complete,e19831e8-f092-4e94-bcc0-25ce5f4cfbf5_time,e19831e8-f092-4e94-bcc0-25ce5f4cfbf5_days,e19831e8-f092-4e94-bcc0-25ce5f4cfbf5_complete
1,2,21,12,3,77.01190080037873,5,true,101.82492059508779,6,true,35.49080530002945,3,false,67.93824245647829,4,true
4,2,21,3,3,48.504752560855636,3,true,86.15967970391463,5,true,48.244833743219544,4,true,70.76558486528502,4,false
4,2,19,3,3,61.9561474106941,4,true,88.58007867199498,5,false,34.56836803759024,3,true,75.56164105257966,4,true
6,0,19,12,5,48.37338640923784,3,true,66.6982028391819,4,false,24.55268022939975,2,false,68.37146035635948,4,true
4,2,20,11,5,86.22555887968535,6,true,110.9470868730698,6,true,23.737089871202798,2,false,82.69009781531338,5,false
2,2,19,5,3,48.497661032892935,3,true,68.30115467704455,4,true,36.0517820384855,3,true,68.28837408091564,4,true
2,2,21,4,1,90.37639098922976,6,true,69.54212530341756,4,true,22.809279695308724,2,true,69.84688872251168,4,false
6,1,22,11,3,35.54155163547251,2,true,85.84433525890017,5,true,47.56243889212814,4,true,91.26034004045614,5,true
0,3,19,8,1,10.831431833378863,1,true,112.8839262543276,6,true,54.15683888323525,4,true,89.80366988932553,5,true
4,1,21,15,5,86.50127300509713,6,true,88.5005764073815,5,false,37.41707864690686,3,true,91.03997493841607,5,true
0,1,21,3,4,28.013571607873086,2,true,70.75162228889374,4,true,25.087120309675512,2,true,69.7619056303943,4,true
4,2,21,3,1,46.44697110247644,3,true,108.15475611969768,6,true,25.328812078528937,2,false,84.87875109280849,5,true
3,3,20,4,2,103.48313609649792,6,true,75.95401040320084,4,true,33.155878013687364,3,true,84.4594769547926,5,true
6,1,22,11,4,80.52765536933136,6,true,103.30985197006277,6,true,47.86945513768202,4,true,52.71910720323492,3,true
2,0,21,13,3,32.000945374343864,2,true,85.98522784781022,5,true,23.201078649318706,2,false,72.59165886311554,4,true
6,1,22,11,5,94.9786616027005,6,true,84.4806843815714,5,true,23.69291062854688,2,true,53.31896316620075,3,false
0,1,22,12,5,48.76765669626185,3,true,102.67473245957137,6,true,34.99318165152047,3,true,48.74270904601948,3,false
0,2,22,6,2,61.9773079240714,4,true,107.457102549211,6,true,50.51471437191846,4,true,50.986158152249295,3,false
6,3,18,9,3,91.65272991653299,6,true,106.28359077418418,6,true,25.29940852937694,2,true,52.99051827316618,3,true
1,0,22,4,2,43.57819683685383,3,true,70.72496128764018,4,false,50.4461763414695,4,true,72.926642493729,4,true
6,2,21,9,3,39.511410456270724,3,true,73.77206492970004,4,true,27.708584276082586,2,false,53.14230669811381,3,true
6,3,19,15,3,87.33563608133313,6,true,66.55467267166475,4,true,36.11206884357768,3,true,70.44519888518657,4,true
1,3,18,9,1,78.12673023826933,5,true,85.40960168043529,5,true,51.02785188008991,4,true,65.86342906446298,4,true
1,3,22,11,4,22.025595160055612,2,true,82.31840672960661,5,false,22.92803453639295,2,true,49.12724140512324,3,true
4,1,22,5,3,11.901943964703694,1,true,70.54402826493495,4,true,31.549064004480837,3,true,58.79366988182291,3,true
2,0,21,12,1,33.285768337634394,2,true,104.83977112748524,6,true,34.702750881852886,3,true,77.14662990329413,4,true
3,2,22,6,1,96.41872301542698,6,true,84.17017033519564,5,true,24.234338675085407,2,false,66.80671006175551,4,true
4,1,21,15,4,67.95019904698268,5,true,109.09286715684476,6,true,45.014281277675636,4,true,64.73523742242655,4,true
0,3,19,7,2,27.355049230950456,2,true,103.16541599871134,6,true,24.89393482676627,2,false,85.03052768138888,5,true
3,1,19,3,1,26.26105716104115,2,true,90.59323429785303,5,false,56.1835642654995,4,false,54.238071910842024,3,true
4,0,21,10,4,91.56395266729821,6,true,106.2733097431664,6,true,39.515914305064584,3,false,85.02844949019507,5,true
4,0,22,3,5,59.36985116808954,4,true,72.67069350991792,4,true,22.56466502279746,2,false,51.17922890685423,3,false
1,0,21,7,5,64.35824535187686,4,true,112.6789742070677,6,true,25.666761405999534,2,true,69.81517226425476,4,true
2,3,18,7,3,97.26354212433053,6,true,67.7490130207612,4,true,37.87351273915935,3,true,89.8481401064268,5,true
0,0,20,9,3,79.13000902376764,6,true,67.64412365036353,4,true,24.284938282972234,2,false,56.66813583518065,3,true
2,0,22,12,3,89.40794540628697,6,true,87.16558797481834,5,true,51.73248146550703,4,true,67.94652109032785,4,true
4,0,18,8,3,94.01691561905807,6,true,107.04872495556889,6,true,40.533550591864056,3,true,93.388626550759,5,false
1,1,20,14,3,73.90149944740921,5,true,73.04725418773562,4,true,47.03266260478375,4,true,66.84327252962697,4,true
6,0,19,9,4,52.70215617969077,4,true,103.32633164133655,6,true,47.393833516059345,4,true,86.93350230839538,5,false
0,3,18,8,5,92.20477162930494,6,true,104.66171258636828,6,true,55.65381480148185,4,true,53.95435340955605,3,false
3,2,18,3,1,75.80373440168557,5,true,91.90393844006496,5,true,35.048936465398654,3,true,52.49143059099219,3,true
4,2,21,12,3,57.07754053666558,4,true,81.87899240148558,5,true,25.02446685106911,2,false,90.39711636938404,5,true
1,2,21,3,3,38.332977923448695,2,true,70.16831581496682,4,true,45.36755994673184,4,true,85.30480261720236,5,true
6,2,22,10,5,52.71901407287956,4,true,105.67505156009872,6,false,22.831647548478262,2,true,73.86789633968861,4,true
0,0,20,12,5,73.01533782440832,6,true,105.7076828136747,6,true,52.64970118938218,4,true,57.702845701592075,3,true
1,3,18,9,1,86.86590503396403,6,true,102.67947938656712,6,true,25.89075162679703,2,false,67.87849557330102,4,true
1,3,21,11,3,86.09803005761749,5,true,67.7322435081873,4,false,50.00647877759457,4,true,64.15492730514902,4,true
1,3,22,8,3,55.811968251643044,4,true,83.52905111560354,5,true,40.229811895138184,3,true,49.51440780777435,3,true
3,0,21,14,3,71.79703041119767,5,true,68.73480218728369,4,true,48.80710353635341,4,true,70.36751931933343,4,true
6,0,19,10,4,70.92312340645914,5,true,67.08430019539541,4,true,38.075647797332486,3,true,51.391755209595665,3,true
6,1,22,8,1,42.41494656380523,3,true,113.82648992280853,6,true,36.22789462946948,3,true,90.17972854246287,5,true
1,0,21,6,1,59.39679761580597,4,true,70.82731567632375,4,true,37.92721444121671,3,true,81.68513505992331,5,true
2,0,20,12,3,76.75245970265233,5,true,68.90677881623381,4,true,53.70788349911506,4,true,90.17191899284846,5,true
2,3,20,6,4,67.37873060767906,4,true,84.80342597270045,5,true,48.92428875448509,4,false,88.91691343321685,5,false
0,1,20,9,3,75.91390457721305,5,true,106.11470092614312,6,true,26.560982200882044,2,false,84.88512807460833,5,true
6,3,22,4,2,34.66957533366364,2,true,85.89996238518754,5,true,38.13374871713421,3,true,88.54178013559198,5,true
4,2,18,3,5,75.75403923446108,5,true,89.67977714527447,5,true,25.782587731848164,2,false,85.2121318828546,5,true
1,1,20,12,2,69.9942668513982,5,true,71.4251722474824,4,false,33.709655928614936,3,true,66.93142356086152,4,true
2,1,22,7,2,62.134566361195745,5,true,66.47741730916987,4,false,26.569380232307903,2,true,91.04873816779953,5,true
1,3,18,15,1,32.32466635391827,2,true,106.92255340360047,6,true,25.70858547940175,2,true,49.226148435195235,3,true
4,0,20,12,3,19.500920646963337,1,true,74.46617990321285,4,true,37.085787828090865,3,true,53.17588483014787,3,true
3,1,19,8,4,74.4751543047975,5,true,88.44299812034141,5,true,25.059728695121628,2,false,65.09944362849009,4,true
3,0,18,4,1,47.14462203629357,3,true,105.60815208022746,6,true,26.463871390068125,2,true,87.22866479150208,5,true
4,0,19,15,4,41.42615440468425,3,true,90.41962465435032,5,true,23.63971650350862,2,false,56.85690468847429,3,true
1,2,21,14,2,95.54516413162744,6,true,98.86915092967122,6,true,23.437861819620796,2,false,67.97713295112375,4,true
2,2,18,15,3,78.77889185601119,5,true,80.67586016278561,5,true,25.622430147937088,2,true,50.826908705343456,3,true
3,0,19,11,5,86.46863174070994,5,true,100.23236188566608,6,true,41.6638583282857,3,true,85.7676262901715,5,true
6,0,22,5,4,90.3306904916306,6,true,65.67079825470617,4,true,48.22756392860201,4,true,84.18800440390415,5,true
4,1,21,14,3,48.385705234751924,3,true,90.99166103762508,5,false,48.995758004909774,4,false,71.87758733736128,4,true
3,3,20,12,5,75.2326227299118,5,true,104.72214400741949,6,true,36.71167333294162,3,true,86.95421837996516,5,true
1,1,22,12,1,33.178120942569706,2,true,87.24863224795526,5,true,26.71546870924328,2,true,57.01687205942216,3,true
2,0,20,12,2,36.704478151030365,3,true,70.91336572099567,4,false,48.14226276435305,4,true,48.50087419785166,3,true
6,0,19,4,4,30.478827917977267,2,true,88.97514884808368,5,true,48.1301800839108,4,true,70.23199700529719,4,true
4,1,22,10,3,46.23587897405179,3,true,103.17999522374525,6,true,25.9434916803613,2,true,51.283530031894806,3,true
4,1,22,5,5,96.83871503362691,6,true,65.67648370327213,4,true,20.6778822713181,2,true,51.721713395731186,3,true
2,3,19,9,3,58.37974457061734,4,true,109.13149967447839,6,true,24.84831122386847,2,true,83.69446633688301,5,true
0,0,21,11,5,74.4341507374425,6,true,72.0568440502684,4,true,34.642938901274235,3,true,52.69587822096356,3,true
2,0,21,10,4,89.06578904470905,6,true,106.71694358214755,6,true,27.336624770931547,2,true,72.80221795425507,4,true
1,3,18,4,2,75.81232826710512,5,true,88.49425587134449,5,true,25.562426368714505,2,true,51.73508127480945,3,false
4,0,19,5,3,67.71360799051034,4,true,68.23947114810595,4,true,36.88244207332835,3,true,52.30584118595101,3,true
2,3,18,14,3,90.3245081608846,6,true,90.49617765416356,5,true,47.58754458193452,4,true,69.00985796678577,4,true
1,3,19,12,1,74.75320627513946,5,true,105.89988055774802,6,true,45.07879998363046,4,true,69.17411329034081,4,true
0,0,21,14,4,43.083686865862994,3,true,85.47569746441248,5,false,36.7134644713675,3,false,51.42291695492051,3,true
6,0,21,10,3,72.9722295615981,5,true,101.00663628514852,6,true,49.26554302978081,4,true,47.551423526840466,3,true
2,2,21,3,3,23.967252057348706,2,true,110.24727022063264,6,true,36.98319328104062,3,false,85.44866864804128,5,true
2,1,21,13,1,85.06863391120415,6,true,92.78430056216871,5,true,34.878965309085046,3,true,52.39553479402552,3,false
1,2,21,4,1,88.32249908265503,5,true,64.40866038553382,4,true,23.23109566138518,2,true,51.46816291270624,3,false
2,0,18,10,2,47.58394808625553,3,true,103.64236100548074,6,true,39.52607921380312,3,false,89.14098281256507,5,true
1,2,21,3,3,89.14257074827442,6,true,105.51910594609461,6,true,46.69017773231672,4,true,81.2371618495655,5,true
1,1,18,13,2,53.983663288295915,3,true,69.76828055797536,4,true,52.59053193361104,4,true,87.11452854551081,5,true
4,2,22,14,2,13.79597095520672,1,true,66.65034431006163,4,true,21.54114453495272,2,false,85.21311163118875,5,true
0,1,21,3,4,103.54603764401585,6,true,98.40573524532957,6,true,51.24544361690743,4,true,51.62392293465055,3,true
2,2,21,10,2,64.70045733783388,4,true,94.92104454196927,5,true,27.62174472631361,2,false,58.855573490206474,3,true
1,2,20,12,5,31.486150536434497,2,true,87.59719115210946,5,true,49.11951948508815,4,false,52.88692817266493,3,true
2,2,19,14,3,36.286618329395445,2,true,72.14538944908253,4,true,32.77732514817602,3,true,49.86405280812448,3,true
2,1,20,4,5,55.13825436620976,4,true,87.23993083000815,5,true,37.30588858345678,3,true,56.93766254660113,3,true
3,0,20,14,2,57.55880277381657,4,true,106.88197104097102,6,true,40.79467122153407,3,true,68.80410796837646,4,true
3,1,21,14,4,54.81336147468597,4,true,69.68947584313328,4,true,41.23450961737665,3,false,64.81873406805182,4,true
6,2,20,8,2,13.117586122548,1,true,84.1732858044676,5,true,27.19181211401911,2,true,69.78731802287167,4,true
6,3,22,8,3,40.81012944958412,3,true,68.67869018435864,4,true,55.540182865453644,4,true,67.70053740529526,4,false
6,0,18,12,3,26.59362726419325,2,true,102.7268140617537,6,true,35.7977009977777,3,true,69.48885117033278,4,true
6,3,19,12,5,38.015740113096925,2,true,72.38102510764078,4,true,38.66153278603466,3,true,85.60918972532075,5,true
0,3,20,8,2,90.09875084985995,6,true,102.79361894094997,6,true,22.33505337026015,2,true,54.29105971514726,3,true
2,0,19,8,4,15.834454043318873,1,true,72.87070224529583,4,true,37.56202222168978,3,false,90.24314368830586,5,true
6,0,18,13,1,90.98130278228467,6,true,110.05002606860927,6,true,51.689185906861525,4,true,52.01642375836778,3,true
4,3,22,10,5,28.390987765646287,2,true,86.14233657159396,5,true,49.267699371895716,4,true,53.13689918854448,3,false
0,2,18,9,1,27.271520120934028,2,true,101.52259069311397,6,true,35.447504102569695,3,false,56.38538335912269,3,false
1,1,20,8,1,88.11831969315038,6,true,104.78167580991011,6,true,27.01057081719989,2,true,88.1492761829604,5,true
6,3,20,6,5,67.52469020532584,4,true,70.49343050827535,4,true,23.885692006458598,2,false,96.23336817798436,5,true
6,1,22,12,4,49.31716243562077,3,true,87.30216113882572,5,true,36.56319639280483,3,true,69.9912298248697,4,true
1,1,18,15,1,45.40297120189939,3,true,66.67787158996258,4,true,38.313423097929146,3,true,64.77927440860576,4,true
2,2,20,4,1,79.96594308137169,5,true,83.15586237496852,5,true,51.963894447094454,4,true,71.06071285775873,4,true
3,0,20,10,3,16.447471747449573,1,true,67.29648985288446,4,true,28.116868181515724,2,true,85.4265241362235,5,true
4,1,22,11,5,58.728107418981566,4,true,94.18838530681839,5,true,39.45900079966699,3,true,50.234898502868035,3,true
2,2,19,8,3,31.624208308944368,2,true,85.99853442161465,5,true,48.67461122411552,4,true,57.63790988960614,3,true
3,0,19,13,3,48.4360343720088,3,true,84.91897466942545,5,true,41.90813268134917,3,true,50.41609923504782,3,true
6,3,20,9,3,29.24814686908469,2,true,83.28994663879206,5,true,21.145699002106177,2,false,51.630684564783856,3,true
1,3,21,12,5,98.54067112872121,6,true,105.20276035326579,6,true,24.275396669095333,2,true,47.507127008789,3,true
2,1,18,9,4,11.693715732292137,1,true,82.81389548278814,5,true,25.629994744550427,2,true,69.26056785240002,4,true
1,2,18,3,3,70.28149380927384,4,true,108.96014583273549,6,true,25.327896675392292,2,true,73.45529486875009,4,true
0,0,21,5,4,99.26932348554206,6,true,72.90709380560118,4,true,53.34693002362101,4,true,89.19556702465715,5,true
1,2,21,15,2,41.60433285115679,3,true,102.45824738837632,6,true,49.6939833532457,4,false,68.07868900533255,4,true
6,1,18,13,3,41.47458392985308,3,true,65.54411507281131,4,true,27.573365216467273,2,false,53.28739585112316,3,true
0,1,22,14,5,27.544614911026468,2,true,109.93883762373376,6,true,52.4055620423637,4,false,56.005569882809105,3,false
0,1,18,7,4,57.377852823596534,3,true,83.7726893021316,5,true,46.04315815947144,4,false,65.61935669674666,4,true
1,1,18,3,4,36.476485080252175,2,true,89.59790694061596,5,true,36.966606776011865,3,true,84.96662732595719,5,true
4,2,20,8,4,29.215682202057287,2,true,109.98670628547899,6,true,41.76162892074513,3,true,57.508155398312866,3,false
6,3,18,4,2,47.89174781561215,3,true,106.4035213492995,6,true,24.63303637479314,2,true,51.58024965142381,3,true
1,3,21,8,5,37.223586155573926,2,true,72.63648007893192,4,true,27.319984094663106,2,true,83.38885559007039,5,true
3,0,21,10,3,10.044317511121822,1,true,103.95915344195134,6,true,50.53792918460767,4,true,64.5598662279893,4,false
6,0,18,8,2,60.230831608609144,4,true,71.20168065211476,4,true,47.532608426661774,4,true,55.70242823652487,3,true
2,1,21,14,5,30.962157682352053,2,true,72.55548148317958,4,true,24.798350623445337,2,false,71.783106670021,4,true
0,1,18,12,5,58.87092386246939,4,true,93.20052600362858,5,true,54.91294188852876,4,true,86.49181201719482,5,true
3,2,18,3,1,34.628629239610945,2,true,110.47294377725038,6,true,28.72543703475902,2,true,91.37965687403909,5,true
0,1,22,11,5,67.61404500320927,5,true,83.92433973897897,5,true,25.727200355152224,2,false,86.40822130365544,5,true
0,3,22,6,3,62.041843920611086,4,true,69.74242186586625,4,false,33.055206863280866,3,false,73.5341958182679,4,false
2,3,20,15,4,15.092828183077,1,true,110.66268532312552,6,true,40.397975439389974,3,true,73.22348518474416,4,true
3,1,22,12,2,28.398820650447668,2,true,72.73281358768809,4,true,51.571855914519915,4,true,88.37585404174447,5,true
0,0,18,5,5,85.29828482349359,5,true,98.7127871925076,6,true,55.061105184549696,4,true,54.5595393842665,3,true
3,1,22,7,4,10.78112392194614,1,true,88.96239519272227,5,true,38.90176622935151,3,true,87.34008792712261,5,true
1,1,18,8,3,25.760807291357,2,true,86.15552918805342,5,true,27.49928185306689,2,false,52.211244046283475,3,true
4,3,21,11,2,44.08891329117666,3,true,99.92186481542096,6,true,38.93059147865819,3,true,74.76221615830072,4,false
4,3,20,11,3,34.15512505651109,2,true,106.71556749843546,6,true,28.229938964561974,2,true,71.5507084461285,4,true
1,3,19,9,3,26.57551655313057,2,true,101.90546697636151,6,true,55.65476600345743,4,true,51.71151049981196,3,true
1,1,20,4,5,83.2270447151868,6,true,68.89904744585819,4,true,22.175742071420096,2,true,68.81970982837117,4,false
3,0,18,15,4,29.2152828457106,2,true,88.92672179293409,5,true,25.21575383063184,2,true,66.01536833753043,4,true
3,3,20,3,5,10.965562724730775,1,true,69.73693922331152,4,true,49.3459294638325,4,true,49.56377703071625,3,true
3,2,22,13,4,17.5742887228919,1,true,84.73835736889825,5,true,24.43138409753324,2,true,90.30972022080515,5,true
4,1,20,6,3,47.08356297784674,3,true,91.71510588277839,5,true,39.4277601948301,3,true,87.00612376840104,5,true
4,3,21,8,3,35.53492428664744,2,true,85.714191321956,5,true,49.77741040419329,4,true,67.85726882579004,4,true
3,1,19,8,2,80.52954111053236,5,true,67.44539491602282,4,true,51.06627742456481,4,true,50.22291110549212,3,true
3,3,21,11,1,47.316126313635856,3,true,108.73720045446407,6,false,24.278236416549404,2,false,52.248189214630585,3,true
0,1,21,13,3,69.17155179188816,5,true,69.96620436337817,4,true,55.477823147986086,4,true,56.35312946068659,3,true
3,2,19,8,5,70.56584261296616,5,true,108.08279391409056,6,true,36.16272778664096,3,false,56.802147887801794,3,false
0,3,22,6,1,72.63227604725328,5,true,102.82726149138195,6,true,39.76067067825766,3,true,78.86306828372042,5,true
3,0,19,11,2,42.764358505042324,3,true,71.3108027047023,4,true,39.28992534294258,3,true,64.69247897120944,4,false
1,3,20,5,5,53.64536807270991,4,true,72.55092518674253,4,true,43.23665323483121,3,true,86.38216574970158,5,true
2,2,18,4,3,65.96735403414209,4,true,88.6597396136601,5,true,24.5121439732986,2,true,72.24023192241593,4,true
0,3,21,10,5,26.26732634821736,2,true,69.43558038263234,4,true,45.94818806500375,4,true,51.52661407254451,3,true
2,2,19,11,3,27.300634041815357,2,true,75.14722225158492,4,true,39.2724939139511,3,true,67.7095055620198,4,true
1,0,20,13,2,72.48205740438864,5,true,70.74614927818088,4,true,47.18390351802421,4,true,76.74908148954756,4,false
4,0,19,11,5,53.59066642959518,3,true,108.53152211195724,6,true,37.34232602764019,3,true,85.50405085605486,5,true
2,2,18,8,3,88.01496063307803,6,true,85.65183188999664,5,true,37.15702483477611,3,true,88.68245540134423,5,true
4,3,21,4,4,15.076486156792754,1,true,83.14364405725178,5,true,35.79344525005247,3,true,50.5657658192674,3,false
4,0,19,5,5,87.82159930325446,6,true,70.43795770890159,4,true,23.350655439049167,2,true,84.97257308148465,5,true
1,1,18,8,4,62.057868679003334,4,true,83.90505161687476,5,true,41.34896405183975,3,true,50.82486844069782,3,true
3,0,22,11,4,28.85724664310038,2,true,68.85347377991431,4,true,24.30257428706951,2,true,54.159918155337465,3,true
6,3,22,15,5,29.91199083684754,2,true,84.17735037659413,5,true,35.039400594881926,3,false,92.09444931167131,5,true
2,1,19,7,2,37.000497472338495,2,true,71.00671850578384,4,true,36.29807043170725,3,true,73.34027667389523,4,true
3,1,19,4,5,74.07628146590402,5,true,101.9491518312074,6,true,28.095838017266658,2,false,89.4347315135402,5,true
0,2,20,3,2,50.16486704426973,3,true,75.15482997113958,4,true,39.278564242546615,3,false,72.21575522936003,4,true
3,3,20,8,3,30.20344228928742,2,true,102.62348543288343,6,true,48.44893051100006,4,true,82.54940223411857,5,true
4,0,18,7,5,63.25721054537188,5,true,63.79201332486263,4,true,50.951349462889866,4,true,52.99006452070712,3,true
6,3,20,3,1,73.3743150872805,5,true,69.05116894817415,4,true,35.15342791178602,3,true,85.34492250468561,5,true
0,2,21,12,1,98.10816361954306,6,true,82.84462819808344,5,true,43.25644005984408,3,true,53.43824745792481,3,true
6,1,19,6,1,24.113614555174586,2,true,84.5274172812077,5,true,27.122826706006162,2,true,69.98722662398072,4,true
6,3,22,7,5,103.43665395616249,6,true,86.84552949408949,5,true,47.219754817846955,4,true,88.24550774559552,5,true
3,1,20,8,5,67.80444812966802,5,true,106.99013568425657,6,true,34.27935745100959,3,false,73.49902473322156,4,true
3,3,18,6,2,81.60086789589445,5,true,83.95555332855378,5,true,37.498306260493855,3,true,48.999212619462845,3,true
6,3,22,4,3,86.315070570462,6,true,101.78272920517654,6,true,41.68672506069122,3,false,48.81626307807414,3,true
3,1,18,13,3,45.80572053466169,3,true,87.16426670177087,5,true,49.76713423707814,4,true,68.89988377752624,4,true
4,1,22,6,4,91.94473080092075,6,true,99.77117528878019,6,true,39.21350274490193,3,true,50.21347267189515,3,true
2,2,22,7,3,44.601010495210765,3,true,86.26035862373503,5,true,24.908988985808726,2,false,73.49320819667506,4,true
6,3,21,5,2,47.1458151640423,3,true,103.03394331769874,6,true,25.217880435536443,2,false,54.990744664831404,3,true
2,0,20,9,1,52.276395949590764,4,true,70.64547192035457,4,true,34.64722075021807,3,true,88.22188957183363,5,true
3,2,22,3,1,73.66641097353371,5,true,68.51313882553114,4,true,34.17134064293284,3,false,51.645207689055916,3,true
1,2,18,12,5,82.4983002454772,5,true,70.39040010276818,4,true,22.887068255683694,2,true,85.99173715241182,5,false
3,0,19,11,4,38.6065148404338,3,true,70.06220518778144,4,true,38.89839217495285,3,false,53.88999130020334,3,true
0,2,20,14,5,71.24070053412039,5,true,86.25886087990557,5,true,22.482793566130777,2,false,51.83981305154158,3,true
6,3,20,7,2,55.558580527288775,4,true,68.67699026671224,4,true,29.511103393503358,2,false,91.1549160344302,5,true
2,0,18,8,2,96.80917551958031,6,true,88.54163532390885,5,true,50.293476603772795,4,true,71.35916067693657,4,true
4,2,19,9,4,53.17148985861076,4,true,67.515526533129,4,false,32.496461176338855,3,false,47.36048577265778,3,true
2,1,19,9,1,99.19513383848329,6,true,90.91127824477051,5,false,50.39860933761694,4,true,67.10437705658742,4,false
6,3,18,14,4,16.866931541288054,1,true,100.92194696143461,6,true,50.398832349405026,4,true,54.740907179902145,3,true
4,0,21,14,4,87.24954923088315,6,true,89.20626408890571,5,true,33.16869925790168,3,true,82.38047540155542,5,false
2,1,19,4,1,79.2391271237816,5,true,72.86202425615613,4,true,39.45381621614134,3,true,83.28833388820783,5,true
3,1,22,13,2,14.841039670885554,1,true,90.77705222566746,5,true,36.31587315150628,3,true,70.6832111850246,4,true
4,0,18,14,5,41.14141586764665,3,true,66.71230104962453,4,true,22.78069073317271,2,true,55.0204022663944,3,true
3,3,18,10,5,61.96599488593111,4,true,86.58483697413214,5,true,35.977724446732,3,true,48.30669202158783,3,true
1,2,20,6,3,13.731431222698465,1,true,111.65332332188363,6,true,27.080967978665377,2,true,74.73923300859398,4,true
0,2,18,12,5,53.7039000324493,4,true,86.16036514250276,5,true,28.58065497527,2,true,91.7011986970385,5,true
3,0,21,3,1,54.66287352281531,4,true,106.93214321727763,6,true,24.48601119270384,2,false,51.39707519750043,3,true
4,1,18,5,4,29.877199545849315,2,true,67.06257920705593,4,true,48.151394359686506,4,true,93.09264008099461,5,true
4,0,22,13,2,40.02523262881629,3,true,89.43491711998668,5,true,39.459660770952766,3,true,67.65855477288464,4,true
1,1,18,6,3,76.51134135448235,5,true,83.58859223188448,5,false,22.946916290308476,2,true,68.2259742217954,4,true
2,2,20,10,3,26.89857230079364,2,true,88.26957703838646,5,true,41.00186271727661,3,true,74.71073711014304,4,false
4,3,18,10,1,79.26668701646716,6,true,91.70751724435964,5,true,29.50963386990289,2,false,67.73794214510895,4,true
2,2,20,5,3,37.97899456236062,3,true,69.89236474787764,4,true,54.79373690753132,4,true,54.60384988645922,3,true
6,3,19,14,5,53.845509318203526,4,true,109.07724487217129,6,true,50.747880315144876,4,true,53.31629129147818,3,false
0,1,22,5,5,23.830016977625355,2,true,74.40855325943305,4,true,37.37577698192858,3,true,70.26376362673871,4,true
0,2,21,15,4,13.460119882938153,1,true,70.2955953774931,4,true,25.012181391320816,2,true,50.33576924048194,3,true
3,3,22,9,4,92.70146716003381,6,true,67.90725816940801,4,false,24.752185597954423,2,true,86.70982445341072,5,true
3,1,20,3,3,69.63326219356831,4,true,108.72644057283195,6,true,50.58478959504323,4,true,90.26350706989986,5,true
4,0,18,10,3,45.45017769811398,4,true,86.85845986498195,5,false,48.97982235947716,4,true,54.707755865151874,3,true
3,1,22,10,5,38.744278425861324,2,true,73.86340566472421,4,true,23.584339495061865,2,true,92.5320865639948,5,true
4,2,21,15,4,93.6946901729146,6,true,88.39470491098712,5,true,36.19077958326221,3,true,69.50649331014048,4,true
3,2,18,8,5,79.65790593297399,5,true,70.27643240721744,4,true,25.046962642624344,2,true,86.62302542277952,5,true
4,0,19,9,2,69.05948402691182,4,true,86.44161719253269,5,true,49.38503495203442,4,true,74.28960014689768,4,true
3,1,19,10,1,81.25590181905626,5,true,82.29243965937069,5,true,36.34460430664416,3,false,92.7164296050781,5,false
3,3,19,12,4,70.04903609535017,5,true,72.96289692198285,4,true,26.702436990489026,2,true,71.53452181499392,4,true
4,0,19,15,4,30.697677404164075,2,true,81.7419616167778,5,true,22.559774700486255,2,true,50.138037918711376,3,true
3,0,18,6,1,44.308701136334896,3,true,89.14316719929016,5,true,50.77554785570223,4,true,85.87575179242715,5,true
1,0,18,11,4,93.76021176953837,6,true,88.96397113585199,5,true,48.673534534549816,4,true,86.70574458675175,5,true
3,0,22,7,1,32.53650566425663,2,true,69.27097899731028,4,true,39.361835973748015,3,true,50.12971556792823,3,true
0,3,18,12,4,47.332484552173554,3,true,90.03431412849733,5,true,25.058439651964743,2,true,67.90226401593759,4,true
2,2,21,11,4,76.00266819791966,6,true,72.41892421083273,4,true,42.84960478505679,3,false,89.44199051124836,5,true
1,1,19,9,1,59.680950142702486,4,true,90.17146907675,5,true,26.95890210695649,2,true,51.097319570697,3,false
6,1,21,6,1,63.43178012791378,4,true,67.16968839884868,4,true,24.189597601643456,2,true,50.671989803048255,3,true
3,3,19,14,1,37.51366698315151,2,true,105.2026256717161,6,true,24.682991389515646,2,true,54.89352537618076,3,true
6,3,21,10,4,80.21409514278847,5,true,66.75866417585551,4,true,41.56637618144085,3,true,90.02420926735664,5,true
2,3,21,10,1,14.584431573024286,1,true,103.99899266031326,6,false,37.6349637346817,3,true,50.58347509396824,3,false
1,2,21,13,3,46.26515714009946,3,true,111.95665471681686,6,true,35.89247764860831,3,true,73.57812926476036,4,true
4,1,19,15,4,61.23519711164763,4,true,89.76650130818086,5,true,31.355861000295505,3,false,55.83985203404629,3,true
3,0,18,6,5,34.11649838540551,3,true,106.94547574023572,6,true,24.96040989990756,2,false,46.664836403275345,3,false
3,3,22,9,1,55.99051368847094,4,true,92.24712506213777,5,true,35.984327333276724,3,true,75.59532651792094,4,true
2,0,18,15,3,91.46717516519219,6,true,72.18224268207274,4,true,23.76782664711858,2,true,51.2099952392827,3,true
1,3,18,9,2,52.10557538247635,3,true,72.79353447765848,4,true,48.48602244766993,4,true,88.0816645391883,5,true
3,1,19,10,1,11.974082348405226,1,true,101.90341331483492,6,true,35.56819643933393,3,true,90.61052919889785,5,true
4,3,22,15,4,32.88235555546182,2,true,64.58819409644953,4,true,44.80933562019023,4,true,71.20168333922584,4,false
1,0,20,9,3,50.80707842327528,4,true,67.35055201816118,4,true,48.94093358924218,4,true,75.29401607087613,4,true
4,0,20,11,1,86.39188276123375,6,true,91.23469374312756,5,true,23.74966248632793,2,true,55.21789358219981,3,true
1,0,20,12,1,57.519953426434455,4,true,87.43604091734409,5,true,26.71201384887901,2,true,48.377733565780574,3,true
1,2,19,8,5,52.51133236416977,4,true,99.80517037577266,6,true,40.547702096042286,3,true,54.201630573678415,3,true
6,1,21,14,5,65.29750940137717,4,true,89.6243803823023,5,true,37.32002337623495,3,true,49.38890952543931,3,true
0,2,22,15,5,41.160813294756515,3,true,106.78403249325152,6,true,38.23578564595547,3,false,95.23935148556339,5,true
0,3,21,13,5,12.484665082910652,1,true,76.83047243992712,4,true,46.7585612557188,4,true,56.31234303230393,3,true
3,3,21,7,2,50.851474505816654,4,true,105.87180713214062,6,true,53.65269544297039,4,true,53.31698022926621,3,false
6,0,22,13,4,57.247574002358014,4,true,67.20397211305641,4,true,25.111646079732797,2,true,51.86057843082289,3,true
1,3,22,7,1,32.039097610510666,2,true,85.66976233937687,5,true,52.51333248702821,4,true,91.58892198939789,5,true
1,0,18,12,1,65.01983865082673,5,true,85.77225466535043,5,true,24.59767988556227,2,true,85.2794395005754,5,true
1,2,22,4,3,77.95968750458263,5,true,72.32078337195668,4,true,51.147970750949156,4,true,50.162706401937484,3,true
0,3,19,14,1,46.83787172539191,3,true,86.32732934317406,5,true,45.16096036400491,4,false,50.39975499889615,3,true
1,2,19,14,4,65.78954452411077,4,true,67.6383216540133,4,true,21.268691595901505,2,false,52.87473846286959,3,true
6,1,21,3,1,70.34744800007743,4,true,85.11294489336298,5,true,23.210882500713193,2,true,92.5366547239905,5,false
0,2,20,7,2,68.31977220941937,5,true,73.70173844459137,4,true,39.91834638823802,3,true,65.21206872644139,4,false
1,1,19,8,5,96.61021250978986,6,true,103.63073437243374,6,true,22.43723929326391,2,true,49.49294488484083,3,false
2,1,20,4,5,13.258504951825767,1,true,67.4244239795198,4,true,52.83480381503866,4,true,66.70277193189153,4,true
4,0,22,3,2,97.33301337127077,6,true,103.45038445528256,6,true,37.35808548336161,3,true,53.865142675029965,3,true
6,0,22,8,2,88.87120763971109,6,true,66.42505330737282,4,true,52.78283280158185,4,true,91.38203641628564,5,true
6,0,18,5,3,42.32484795432729,3,true,83.20928497209185,5,true,46.26970673249966,4,true,83.96857252329266,5,true
0,1,22,5,2,61.794404538780725,4,true,100.08185862653096,6,true,24.041379350195417,2,true,53.84980684103133,3,true
1,0,20,12,1,48.37396941506273,3,true,83.6662118480586,5,true,38.97769804142305,3,true,90.13092503533973,5,true
4,2,19,14,5,97.07792306800998,6,true,105.69401400080552,6,true,29.044773422065056,2,true,73.55755905078564,4,true
1,2,21,3,5,103.4534235216354,6,true,104.3519077803138,6,true,33.38174714666115,3,true,77.61828965827308,5,true
4,1,21,3,1,42.12548411801038,3,true,83.2897288206574,5,false,50.4209102546206,4,true,51.327728451329,3,true
6,3,22,10,2,35.649968265817925,2,true,66.41152490498777,4,true,51.95847775977977,4,false,66.0643744582808,4,true
0,1,21,4,2,18.099144314571426,1,true,102.52372597570161,6,true,26.69028515193933,2,false,73.37557419248016,4,true
6,2,20,4,5,64.09547594950777,4,true,109.69750022801936,6,true,35.08180991335619,3,true,49.73804784957943,3,true
0,1,21,8,4,74.08933679804457,5,true,69.11687869734656,4,true,27.312671003697982,2,true,48.38283515466228,3,true
0,1,18,11,3,71.03973983175405,5,true,86.64049916868801,5,true,39.66164455787618,3,true,71.66003045143603,4,false
4,3,21,15,2,81.24936196916869,5,true,110.10223799613964,6,true,35.23748524076535,3,true,67.93541326496538,4,true
3,2,18,5,4,71.25225381518007,5,true,65.7789566613466,4,true,51.60852484388122,4,true,90.22576808501265,5,true
1,1,20,3,2,81.17758204680041,6,true,106.08847170611776,6,true,52.8749033938046,4,true,88.63355956009896,5,true
0,1,20,8,4,52.584617852393805,3,true,89.13837365013433,5,true,47.6702261604736,4,true,72.647739817137,4,false
3,3,21,6,1,72.931648070391,5,true,84.98184419907093,5,true,51.24653467914625,4,true,68.50172932051,4,true
1,2,21,4,5,79.40530215275818,5,true,83.30557034259435,5,true,25.660047035945983,2,false,86.25985571215348,5,true
2,3,20,9,2,62.902148411296636,5,true,89.5546651097513,5,true,54.47799463627237,4,true,50.57192891741999,3,true
2,0,18,10,5,52.948611483287145,4,true,92.01616828176348,5,false,26.472792855368628,2,true,72.66380649509226,4,true
3,3,18,5,4,68.75243383048598,5,true,98.33732340535947,6,true,51.20128472886377,4,true,71.38283458337679,4,true
6,1,18,8,1,79.52366858190602,5,true,71.7021989356047,4,true,24.50184992341938,2,true,53.09567741982966,3,true
4,3,19,14,5,66.81067400741108,4,true,107.1522298227868,6,true,40.629163262289474,3,true,84.69210566615136,5,true
0,1,20,5,2,39.566046370805864,3,true,86.56203656431101,5,true,53.08451205698484,4,true,87.2496315106155,5,true
0,1,19,5,4,72.69279349814796,4,true,108.8386578118286,6,true,54.03618204775076,4,false,84.91503001135484,5,false
0,2,19,5,1,53.367338197237025,4,true,67.10728976788144,4,true,47.877715806329846,4,true,92.26463222838443,5,true
4,3,21,8,2,76.30507746228739,5,true,88.91250785567544,5,true,52.41866257205506,4,true,69.56209017461907,4,true
3,1,21,15,4,64.50716843039086,4,true,105.91034706008261,6,true,49.121106431206314,4,true,87.13256324957688,5,true
4,1,19,10,3,60.1821375393575,4,true,64.72661918769624,4,true,41.24441017526083,3,true,70.56640885292973,4,true
0,1,18,5,3,86.1751912686687,5,true,105.00234917999057,6,true,35.97293687071615,3,true,67.86395699481496,4,true
1,2,20,15,1,27.71393102242662,2,true,75.66091126134849,4,true,36.08849588509764,3,true,49.118032808907316,3,true
4,3,18,8,5,81.94209668912758,6,true,66.55915130489424,4,true,32.46822887892343,3,true,87.87663470506925,5,true
2,3,19,4,3,30.901057465684005,2,true,74.51247336372667,4,true,24.71028661474442,2,true,83.96974300607346,5,false
4,3,18,5,4,17.26528309024203,1,true,88.14401736706903,5,true,27.287316024538747,2,true,78.13776270575927,5,true
2,2,22,3,2,45.86982419805588,3,true,111.95179996429667,6,true,55.34875147782639,4,true,51.20973775417585,3,true
1,3,21,12,5,77.3491688794416,5,true,86.23045011753534,5,true,37.47741398864481,3,true,86.83144387457952,5,true
3,0,19,5,2,84.4827958572926,6,true,89.88358404061256,5,true,26.778857543463108,2,true,72.50917066006187,4,true
3,1,21,7,1,49.00871439041447,3,true,67.93075192783489,4,true,37.50370857306787,3,false,89.2834896519494,5,true
2,2,21,14,5,76.54288321939454,5,true,73.66353301420308,4,true,41.5718460340503,3,true,89.3842170571685,5,true
2,3,19,15,1,78.71117690647085,5,true,107.53024082941027,6,true,51.88090606880066,4,true,50.04839862610958,3,true
3,2,22,11,3,80.92519079927634,5,true,85.06507973792974,5,true,22.18238110701928,2,false,54.339974532053425,3,true
6,0,22,3,4,17.962309296940862,1,true,106.84595810158625,6,true,22.288393988020857,2,false,73.63265626125475,4,true
4,0,22,14,2,71.95412872041906,4,true,77.36077314961956,4,true,26.15021297541963,2,false,95.55459195038509,5,true
3,1,22,10,2,75.91993392955881,5,true,70.49305253075514,4,true,26.647884649311568,2,false,85.72598134916763,5,true
3,0,20,5,2,62.725894851963915,4,true,68.85534087811331,4,true,48.926162523463546,4,true,75.91962006885541,4,true
1,2,20,12,1,82.1263980930519,6,true,85.45121988558279,5,false,49.30691605000552,4,true,92.0060003789906,5,true
3,0,20,11,2,76.37385932194015,5,true,68.89026504413285,4,true,53.12922144336807,4,true,52.517105531675774,3,false
4,3,20,8,1,43.541747995759884,3,true,68.6271608174022,4,true,23.568677924120546,2,false,67.42169401866512,4,true
0,2,22,6,2,77.4571914835632,5,true,66.181490799664,4,false,49.02973690013912,4,false,68.45495337166821,4,true
0,3,22,4,4,90.28872490957446,6,true,104.53493083343994,6,true,44.41909867003167,4,true,68.13359720102292,4,true
1,1,21,4,4,40.00879373785331,3,true,84.26635399578547,5,true,28.51377066737961,2,true,70.80385596522137,4,true
2,2,21,13,1,71.76809551745744,5,true,81.75320164948556,5,true,53.58158663188136,4,true,49.976489069005474,3,true
2,0,18,8,2,93.60198650712326,6,true,68.743924261835,4,true,42.43237328551721,3,true,70.42387244183685,4,true
3,1,18,11,3,10.36701087496929,1,true,68.9624049776708,4,true,47.091542164316046,4,true,69.10206987312742,4,true
3,3,21,12,3,11.954497284267582,1,true,109.06611018573435,6,true,24.65673852326296,2,true,88.28453624068435,5,true
0,0,21,8,1,79.9478832719862,5,true,109.30545039834016,6,true,50.54862189193158,4,true,50.01417141790832,3,true
6,3,22,13,2,28.532852750059682,2,true,106.68137401009731,6,true,36.72772055076119,3,false,71.39264006964936,4,true
3,1,20,6,3,70.52185143869252,5,true,73.6191152481229,4,true,48.511599392064376,4,true,48.29158853771687,3,true
1,3,18,10,4,27.27486481416176,2,true,86.52146167528035,5,true,22.265776494287994,2,true,71.13559919950053,4,true
3,0,22,14,5,27.07948462339016,2,true,65.2445419869905,4,true,24.834090820459313,2,true,70.869031830978,4,false
0,1,22,7,2,80.15807261897848,5,true,88.84714714432965,5,true,35.80308095228089,3,true,78.92114172955168,5,true
1,3,21,9,4,74.39738781795957,5,true,85.9414228319399,5,false,52.159055854300256,4,true,66.93616675818623,4,true
4,3,21,9,5,75.4737438459553,5,true,111.48459978936289,6,true,36.19980271684105,3,true,84.45621356745968,5,true
3,0,18,12,1,54.31880574100218,4,true,67.31809016018654,4,false,32.82061229522295,3,true,62.527971755363176,4,false
6,1,19,12,2,51.15501327978365,3,true,87.3721506068793,5,true,22.85512992866444,2,true,73.43543292416423,4,true
4,3,22,11,1,42.602499703395885,3,true,105.12469820641728,6,true,25.9340508693292,2,true,67.82253683829605,4,false
1,2,19,6,4,11.249629431247413,1,true,72.69397745847232,4,true,22.929186229018573,2,true,89.26262475981572,5,true
1,2,19,14,3,72.0614382007823,5,true,72.72221292029319,4,true,47.34044758387233,4,true,88.46442894450844,5,true
6,2,18,10,4,85.6375751032384,6,true,71.15545037331107,4,true,35.965356174254126,3,true,68.69273433258573,4,true
1,2,20,4,1,91.63711702260304,6,true,80.42684956271785,5,true,50.01533886231406,4,true,67.36314617292706,4,true
0,2,18,5,4,83.30610936472077,6,true,91.00539727378037,5,true,28.5209780224352,2,true,76.59922515903878,4,true
2,0,21,8,2,10.62644480032471,1,true,106.52103541117974,6,true,45.724276535846705,4,true,51.57664358564203,3,true
2,1,18,4,2,80.19271088282233,6,true,87.13710794415653,5,true,23.414491384169914,2,true,52.872512128899686,3,true
1,1,22,10,3,91.82739280872998,6,true,68.37817505820728,4,true,39.24428796772851,3,false,49.51999021735999,3,true
1,0,22,6,4,74.09247340963516,5,true,104.0759404565314,6,true,38.626391732907564,3,true,54.25033915662986,3,true
1,1,18,5,1,72.2871495159118,5,true,82.9236971866836,5,true,46.651550548157964,4,true,75.6904766435529,4,true
6,3,18,9,5,68.50781008419096,4,true,106.01075426985689,6,true,38.642504390362326,3,true,72.05417038657225,4,true
6,0,22,9,1,55.81496698234022,3,true,65.30401315866159,4,true,51.98484072997475,4,true,87.16227199419255,5,true
4,2,20,4,3,78.62335706785471,5,true,65.69168485838792,4,true,35.74363784338284,3,true,55.549765282054445,3,true
0,0,19,9,4,88.55714188148328,6,true,100.48105261988736,6,true,25.540072113423495,2,true,91.70271931213051,5,true
3,1,19,14,2,19.183249914776667,1,true,102.49970001603816,6,true,38.42656160880235,3,true,70.77042364383112,4,true
1,2,18,8,5,59.419847836838905,4,true,66.82543739687846,4,true,53.57756853092028,4,true,88.29170142777592,5,true
0,2,18,6,4,43.70987900309332,3,true,68.38142870432215,4,true,32.70555047314784,3,false,47.95875444858823,3,true
6,3,18,8,5,62.9390262663357,4,true,105.90342445487555,6,true,29.54664936773617,2,false,84.96938990396902,5,true
2,1,22,7,2,104.38857926685986,6,true,106.86957146715577,6,true,36.280884031100314,3,true,87.56630198310305,5,true
0,0,19,14,5,75.31985355585518,5,true,106.67085991413653,6,true,20.24132754525017,2,false,85.82882716245828,5,true
6,0,19,9,2,31.798839477817232,2,true,87.3200952616564,5,true,34.10060696024949,3,true,66.57962115874425,4,true
4,3,20,6,4,40.94245685838393,3,true,92.6862795953389,5,true,38.62688494291908,3,true,67.97604229777592,4,true
1,2,22,11,2,79.9416452053139,6,true,79.8788320218872,5,false,22.036199264230685,2,false,81.57061280883254,5,true
0,1,18,8,1,25.085291132104334,2,true,106.31101673395445,6,true,50.753784002059824,4,true,64.12587349155402,4,true
2,1,22,9,3,10.88835172863939,1,true,88.73879319503025,5,true,46.37286947622697,4,false,76.0720504595859,4,true
3,3,19,4,4,12.067698662490347,1,true,73.65095918635635,4,true,26.33758592118275,2,false,50.42190814575127,3,true
2,2,20,9,5,63.77492528512069,4,true,105.19958202149193,6,true,25.195585459693167,2,true,66.52137966106496,4,true
3,0,21,14,1,38.44883802585306,2,true,91.4048467524628,5,true,40.493478889347436,3,false,56.05717109956912,3,true
4,3,21,6,1,41.65197290792035,3,true,87.88580468522828,5,true,24.974038388962775,2,true,70.433800229661,4,false
1,2,18,13,1,87.7044250941157,5,true,67.9693329859436,4,true,25.042651736083386,2,true,89.33568044418845,5,true
3,0,20,3,3,98.71835675462036,6,true,85.24877092380977,5,true,26.348050175743275,2,false,87.53102354546259,5,true
0,2,18,7,4,69.63174477541062,5,true,99.05671305061156,6,true,27.938487335140316,2,true,74.16378454602112,4,true
2,0,20,7,2,32.276458497887866,2,true,69.73444523497936,4,true,22.336839858766467,2,false,76.60012461485776,4,true
0,2,19,6,3,43.181223054797265,3,true,68.05546968531259,4,true,52.833915666528675,4,true,74.72595947415346,4,true
2,3,18,14,5,29.38794292987811,2,true,72.20522501967784,4,true,25.642963770796626,2,false,51.59183411503624,3,true
1,0,20,15,2,69.1041272298983,5,true,87.18905481174106,5,true,36.13236728294785,3,true,55.37893990843104,3,false
1,1,20,5,1,10.68058037493102,1,true,100.98789043385565,6,true,39.898956378242815,3,true,68.47065418706535,4,true
6,0,22,3,1,72.51111244491604,5,true,89.82738172516275,5,true,41.11778186543987,3,true,72.18055285851234,4,true
3,2,20,10,4,28.036176565888525,2,true,108.42297813405693,6,true,46.39252411181601,4,true,53.54531729977295,3,false
6,1,20,12,5,93.82179302063722,6,true,72.12207007001521,4,false,49.82287092817354,4,false,87.20882791272768,5,true
3,2,18,11,3,42.858896068376524,3,true,70.90526526926043,4,true,39.83369215367697,3,true,51.35365128802229,3,true
2,3,21,5,1,17.03577147692829,1,true,68.93177390534966,4,true,48.28894072149613,4,true,68.48582516962271,4,true
3,0,21,3,3,76.68638588362808,5,true,101.04999828992922,6,true,51.45756897350954,4,true,69.34483994455145,4,true
6,1,20,14,4,75.58269533302087,6,true,113.45766195348877,6,true,47.17333252801136,4,true,70.62420340081503,4,true
6,2,18,12,5,10.59800180971006,1,true,103.20519038772511,6,true,26.506739292747387,2,false,89.63923434678878,5,true
2,0,19,9,2,98.23806148900552,6,true,82.908417612936,5,true,32.95813837288013,3,true,51.2922557275853,3,true
0,3,22,6,3,74.57450785563454,5,true,99.64530542586031,6,true,51.682253984312624,4,true,87.15638755979356,5,true
3,2,21,14,1,24.025064953237766,2,true,111.4818054910215,6,true,34.42888240858669,3,true,71.69053022190333,4,true
2,3,19,5,2,24.676577728815978,2,true,100.86795648008324,6,true,26.15759788730729,2,true,91.46032671960566,5,true
4,3,18,6,1,42.91096073395635,3,true,105.06723530574699,6,true,36.518677455686294,3,true,92.50418648398272,5,true
2,1,21,5,2,78.25006987772142,5,true,106.8610388568268,6,true,35.18085442311205,3,true,49.29066582538904,3,true
1,1,21,7,2,27.90219549337364,2,true,108.65803990454046,6,true,39.17340566982431,3,true,68.33328241573126,4,true
2,0,21,8,2,68.27358660331579,5,true,67.7093527367648,4,true,51.63542886740633,4,true,52.54296752116955,3,true
1,3,19,15,3,29.875016626440516,2,true,97.92573457538954,6,false,25.275667033741286,2,true,91.90399527175279,5,true
4,1,18,8,4,98.43094217330128,6,true,72.27748786627194,4,true,51.50777892482818,4,true,91.30578674623818,5,true
1,2,22,13,1,36.719576993595595,2,true,105.38572955079337,6,true,48.848207427396254,4,true,65.92651454875795,4,true
0,1,20,5,4,15.75835113643604,1,true,89.7695706805477,5,true,39.41278452254303,3,true,92.66227267052594,5,true
0,0,21,10,4,95.0319051312368,6,true,83.08038880915915,5,true,53.16162748711575,4,true,69.16001223467256,4,false
1,0,20,14,2,74.49596084126411,6,true,107.47018713551853,6,true,27.082606939874495,2,true,73.33709068805726,4,true
1,3,19,7,4,68.96828613369905,4,true,69.90004657511628,4,true,24.86057488504637,2,true,51.83764436610504,3,false
3,2,18,7,3,78.02442608713227,5,true,106.99511067182515,6,true,36.227767667863766,3,true,68.60158942372145,4,true
1,1,18,4,3,24.60776235591109,2,true,85.13089381236291,5,true,34.97390620358115,3,true,64.02351140825253,4,true
2,0,19,15,5,42.492795827836495,3,true,89.29756291327602,5,true,50.59659449251551,4,false,54.74752941250071,3,true
2,2,19,6,5,64.52285682561724,4,true,100.78524282666727,6,true,25.252369658287346,2,true,67.7287678537026,4,true
4,2,22,15,1,72.73519742683388,5,true,86.9021111479138,5,true,52.34771116664279,4,true,70.60392105147508,4,true
3,1,19,3,3,94.95335107098578,6,true,84.78365361436255,5,true,24.815339921683282,2,true,85.15564936373012,5,true
3,2,19,15,1,87.9676611236589,6,true,67.04215264260668,4,false,55.39979708238684,4,true,94.00071232636611,5,true
3,0,21,3,5,98.46018055505976,6,true,108.74355656964234,6,true,39.42552957348283,3,true,51.69693874354986,3,false
4,0,22,15,4,78.24571421636047,6,true,105.3093138295208,6,true,51.764120586529245,4,true,55.21095104394873,3,true
3,3,20,11,3,66.95993155075773,4,true,90.18872191548142,5,true,39.4919010116168,3,true,51.031770095512876,3,false
3,3,19,12,4,83.66043874456844,5,true,74.5361471494842,4,true,49.211815567966234,4,true,85.01252912930771,5,true
6,3,21,13,4,74.08929699239461,5,true,86.55264068037188,5,true,51.47589866086271,4,true,84.47134992323075,5,true
1,2,18,9,4,39.508620214323635,3,true,107.85091390967122,6,true,48.60150987100079,4,true,82.1220035665629,5,true
0,3,21,15,2,61.62846204861442,4,true,65.55095043327114,4,true,33.66667130906014,3,false,74.82891553108813,4,true
3,3,20,11,2,89.4083824188955,6,true,103.90748645659805,6,true,22.22884126971861,2,true,89.4119555228102,5,true
2,3,19,10,4,71.35487053183013,5,true,71.57898692313107,4,true,50.29359535207728,4,false,90.92911200292217,5,true
6,3,19,8,4,27.801161931695,2,true,70.0847915232887,4,true,24.86979148188302,2,false,86.79322939499856,5,true
4,3,20,4,3,48.882019475468084,3,true,107.93265814330006,6,true,38.998194967963656,3,true,50.03648463454781,3,true
1,0,19,9,4,28.34989468229666,2,true,64.29480832396557,4,false,26.992730362699575,2,true,85.40406495944583,5,true
4,3,22,10,1,44.16129702729751,3,true,92.01245710583134,5,true,37.11912698068989,3,true,93.6434872826101,5,true
0,3,18,6,3,10.05438666806766,1,true,100.72222840215963,6,false,21.06431089687254,2,true,91.27358770764225,5,true
0,1,18,8,4,42.73515427865359,3,true,84.84691301722754,5,true,54.67331593501175,4,true,86.01306616089539,5,true
1,2,20,8,3,55.99060336131866,4,true,67.03487827100507,4,true,24.964954527319648,2,false,87.64601755399391,5,true
3,2,21,4,4,48.46080042302422,3,true,71.84429193660074,4,true,35.22998755862337,3,true,51.416822816876206,3,true
3,0,19,11,5,67.37957636744142,4,true,105.60291607205754,6,true,27.767849469378227,2,true,74.41444316379,4,true
4,2,20,4,2,79.354083429927,5,true,89.01295777089067,5,true,39.13381592429042,3,false,87.41523939265191,5,true
0,2,19,9,5,13.012290750413705,1,true,74.21310287747627,4,true,37.727132441896025,3,true,49.8458012288472,3,true
3,3,20,12,2,98.20180068200575,6,true,65.76391858203104,4,true,26.505721532702033,2,true,64.87305092438498,4,true
3,0,18,6,5,86.82022716640577,6,true,91.92301988191751,5,true,50.62446963846019,4,true,56.500774116486745,3,false
3,1,18,4,3,44.83661530672034,3,true,104.39431262879275,6,true,49.02837783182076,4,true,86.86128060622534,5,true
6,0,22,12,3,68.33077920950335,4,true,68.59910369592943,4,true,37.12933240152233,3,false,89.0314234079792,5,true
1,2,18,10,2,91.69265718163032,6,true,107.90577937405001,6,true,26.87166336829475,2,true,52.2150794535076,3,false
0,3,20,14,5,86.7037581477155,5,true,85.97380991934868,5,false,21.897963555486783,2,true,71.06021698525042,4,false
4,0,20,14,1,79.78647078301267,6,true,102.91497670590873,6,true,22.517088304416678,2,true,51.705338169448055,3,true
1,2,20,10,1,53.81364644860668,4,true,102.10318169630028,6,true,50.65043026732946,4,true,54.82408950018857,3,true
2,3,19,14,1,30.438821176643486,2,true,92.2533941401126,5,false,36.731829878035235,3,false,67.61226206877923,4,true
2,1,18,9,5,48.203568152887414,3,true,68.83072124576715,4,false,51.58425303515185,4,true,68.76215139283525,4,true
1,2,20,14,4,55.455578239353244,4,true,71.29529651926333,4,true,40.444654196395824,3,true,90.47330126149984,5,true
3,1,18,7,2,95.94641723360087,6,true,84.67899213191896,5,true,26.27338607210234,2,true,88.0069380503808,5,true
1,0,21,14,4,69.10742853748239,5,true,68.92188638324394,4,true,36.951636990996164,3,true,48.21125117957538,3,true
0,2,22,12,4,94.13913882793022,6,true,71.67397746769412,4,true,50.86879767823855,4,false,82.8638346262644,5,true
1,3,21,10,4,105.60263881280072,6,true,79.70212374203008,5,true,35.793682052953905,3,true,83.67264528348659,5,true
6,0,22,13,2,77.48176302528248,5,true,88.80706237945435,5,true,55.60213034139011,4,true,88.47634910404882,5,true
1,3,21,7,5,43.48999097378431,3,true,84.4784367767639,5,true,57.01299623751643,4,true,51.01500944913081,3,true
1,3,19,12,5,27.499917206977816,2,true,94.71268121080686,5,true,41.04715626808876,3,true,81.09591244261904,5,false
4,1,18,9,1,40.85325678490137,3,true,103.2753005433796,6,true,49.380856795239744,4,true,86.50593282298411,5,true
2,2,19,13,1,87.04895281905243,5,true,68.81840115470897,4,true,49.77163917601629,4,true,51.459889088036164,3,true
3,0,20,15,4,74.65376080397938,5,true,75.43829052872819,4,true,26.132625968579998,2,false,65.65111128593213,4,true
1,3,18,7,5,64.19008696533875,4,true,102.44798114157017,6,true,48.68215031990607,4,false,67.73482579421027,4,false
4,1,21,14,4,64.10772262147705,4,true,84.50020510227667,5,true,20.88880343887821,2,true,87.32142749286491,5,true
2,1,22,8,2,59.308851535884045,3,true,90.84129459131293,5,true,25.89344808469913,2,true,50.466297392503236,3,true
3,1,20,15,5,95.13125878973906,6,true,69.36073547773724,4,true,24.323645909987274,2,true,73.52318913731239,4,true
2,3,22,12,3,46.46475712193594,3,true,105.46366881824449,6,true,22.09156618099224,2,false,66.39985424361242,4,true
0,1,21,14,1,43.90770452975899,3,true,69.7931118188821,4,true,39.41104109080071,3,true,50.5858346348356,3,true
0,0,18,7,5,27.47088129940474,2,true,110.7280108179994,6,true,46.4471642836021,4,true,66.92209565247668,4,true
2,0,20,8,1,25.16875784427196,2,true,71.62407722080789,4,true,41.85473332229697,3,true,87.61095834115238,5,true
1,1,21,13,1,18.803838578975977,1,true,102.63138926910096,6,true,23.560930765558336,2,false,91.36769917139324,5,true
3,3,20,15,4,42.825995878998285,3,true,70.03386392792532,4,true,25.504862757542316,2,false,77.48718256149502,4,true
6,1,18,11,2,11.72133155927628,1,true,73.16781019045584,4,true,27.06265370212521,2,false,85.18800822947765,5,true
6,2,21,3,5,83.57281793998803,6,true,69.40570637605403,4,true,25.077971622281066,2,true,86.40594339284911,5,true
6,2,21,9,4,63.14292970298305,4,true,71.67580477833664,4,true,51.96618366121337,4,true,72.32586998845117,4,true
6,3,18,10,2,49.041608967293655,3,true,104.28154547938372,6,true,45.13771627984232,4,false,47.78199478114267,3,true
0,0,19,10,3,11.2949199258787,1,true,69.23152486629003,4,false,23.16274660926779,2,true,69.02419692902899,4,true
2,2,22,13,2,76.42132868093682,5,true,81.31339107587851,5,true,28.152681525482407,2,true,84.52578109480086,5,true
2,0,20,15,5,80.06011458101459,6,true,70.94880644462349,4,true,51.12198224767038,4,true,51.815497523285764,3,true
1,2,19,5,3,91.09862027358888,6,true,104.13327712548914,6,true,26.273212360157775,2,false,91.12653586532134,5,true
1,2,22,12,3,63.02386889083325,4,true,104.79556123439409,6,true,34.31058959077104,3,true,68.87481770314706,4,false
4,3,21,15,5,27.901206899263112,2,true,90.77980753638651,5,true,27.672921794327014,2,true,70.36804341060447,4,true
6,0,21,14,3,60.7328685454394,4,true,100.95927778709746,6,true,47.31195154269231,4,true,90.78577564908923,5,true
6,0,20,7,3,73.07737813029237,5,true,65.88716364179481,4,true,51.867053662563336,4,false,71.29164440270952,4,true
3,0,21,15,3,13.689260880910137,1,true,71.78648303186941,4,true,26.702163040841878,2,true,92.40001245990237,5,true
0,0,22,8,1,90.1905974820851,6,true,68.26533868595442,4,true,38.74149187534471,3,false,56.11705843268693,3,false
0,2,21,10,4,84.90877226335819,6,true,85.62223982242206,5,true,35.05514090778555,3,true,84.01110425053231,5,true
4,3,21,10,3,13.831064553484548,1,true,69.92186066292216,4,true,41.04462463636486,3,true,94.41090836582597,5,true
2,1,21,3,4,71.12630769386949,5,true,69.3466515247709,4,true,40.01078504453171,3,true,58.17257745714436,3,true
0,3,20,7,5,59.13989437582688,4,true,67.4134288118149,4,false,35.18565412539003,3,true,85.52478327105372,5,true
1,0,18,13,2,64.18321806669165,4,true,105.9505364028564,6,true,46.33149242619477,4,true,51.8381106327952,3,true
0,1,20,13,4,56.6746612329827,4,true,77.13838812842158,4,true,26.837970062548692,2,true,52.240079066698975,3,true
1,0,21,11,5,72.03210433036668,6,true,68.89317666574685,4,true,53.428557823027774,4,true,85.89488761424921,5,true
6,0,18,6,2,96.38154711648485,6,true,94.10127382535009,5,true,26.958859307662763,2,true,89.92831758200782,5,true
6,0,22,12,2,88.27013502158749,6,true,88.83814602274914,5,true,26.683739949683254,2,false,70.3471627148417,4,true
3,0,19,3,5,80.30908626090678,6,true,90.97960258988286,5,true,48.218578903687266,4,true,90.95254507444993,5,true
2,0,18,15,4,71.12151392332258,5,true,62.60402535982436,4,true,21.674400464270942,2,true,66.83021968162467,4,true
2,0,21,5,3,84.83885569782423,6,true,109.6090057935093,6,true,36.082647992254124,3,false,68.62562258803347,4,true
2,3,21,8,5,51.53825846596229,4,true,107.02118011808231,6,true,39.77302680086249,3,false,68.58164484529102,4,true
1,0,18,7,4,78.74847916901612,6,true,108.10295132913252,6,true,54.02447441304007,4,true,84.03905216918486,5,true
2,0,19,10,5,40.886072902742114,3,true,102.24299767021694,6,true,27.914268477381395,2,false,91.8149267323689,5,true
2,3,21,10,5,73.13645118419431,5,true,94.22986827352426,6,true,49.29907477824474,4,true,85.2712238539818,5,true
6,1,18,7,4,15.299431522175563,1,true,98.18275346097424,6,true,38.44806717301008,3,false,71.10835943859448,4,false
1,0,22,6,3,31.642470983416935,2,true,73.64829249299738,4,true,28.59044915145872,2,false,69.97868808440438,4,true
3,1,22,12,2,36.656352398956145,2,true,89.75582717756434,5,false,46.090608819265455,4,true,52.01708112058386,3,false
4,0,18,4,5,60.72371036366588,4,true,66.7811464229789,4,false,38.70379740770951,3,false,71.95602499198235,4,true
0,0,19,14,2,73.60705107459168,5,true,86.48315311410167,5,true,50.122926900047304,4,true,84.20899938676766,5,true
1,0,19,4,1,31.360515532234604,3,true,103.2968996660257,6,true,41.097623328470625,3,true,51.53885186392495,3,true
1,1,19,14,4,87.8798770832282,6,true,113.78655041787843,6,true,37.73008661797717,3,true,68.15027278389209,4,true
1,3,19,10,3,75.32416104251222,5,true,86.23314358342586,5,true,46.08866337693802,4,false,68.01445930520735,4,true
6,3,22,9,4,25.65836575073922,2,true,88.1375340663938,5,true,26.07969529214789,2,true,52.87346036717246,3,true
1,1,21,8,4,93.21441443176987,6,true,72.39825741051585,4,true,49.313836037966155,4,true,88.45785611784646,5,true
4,0,19,13,1,15.867892079688524,1,true,105.98201435532799,6,true,23.774158687986183,2,true,82.33422925160706,5,true
1,3,20,4,2,28.859341048014482,2,true,73.19153127866142,4,false,50.81818071512128,4,true,52.18404959343025,3,true
0,1,18,12,1,79.19561492345206,5,true,103.38013916450012,6,true,25.21738999619475,2,false,69.66179100817628,4,true
6,3,19,8,4,62.096721351702676,4,true,102.8983063293077,6,true,54.71084367893851,4,true,69.65735374042676,4,true
6,2,21,3,1,56.57573959442785,4,true,89.28525673689118,5,true,34.10789217989373,3,true,52.22926055365808,3,true
3,3,22,5,3,93.17297989680968,6,true,72.34006256836201,4,false,27.391334249828933,2,false,71.12091520817908,4,false
0,3,21,10,4,66.74020746222794,4,true,73.552927132404,4,true,50.5923361213727,4,true,53.16755439670144,3,true
2,0,19,6,1,55.8447445279109,4,true,98.44755800138424,6,true,46.379218994417165,4,true,52.68227751748484,3,true
1,2,18,9,1,48.03069885828337,3,true,104.56183233772687,6,true,47.431333826886025,4,true,69.9029778591673,4,true
4,1,21,7,5,101.04440156657533,6,true,103.051356210498,6,true,22.35951754419027,2,true,92.62311217787618,5,true
1,0,18,9,2,64.3661154452488,4,true,101.05867410427584,6,true,28.334654791094476,2,true,93.9510606813239,5,false
1,0,21,3,5,43.38919511402391,3,true,104.77650057410892,6,true,37.53225554473044,3,false,85.15033785145897,5,true
1,1,21,13,5,71.11042548062929,5,true,64.25367480970822,4,true,52.119947895742705,4,true,49.85480346780258,3,false
1,2,22,13,5,94.822552175226,6,true,67.17059884920143,4,true,26.624340505118877,2,true,51.35178298914714,3,true
1,3,20,6,4,43.63737826048497,3,true,104.93822201964338,6,true,37.82429481120981,3,true,90.72127223473372,5,true
0,0,18,10,1,27.158383140307674,2,true,70.93428507650788,4,true,52.95200042147655,4,true,85.9553344212857,5,true
3,2,21,8,5,60.10851410825172,4,true,85.82375372795082,5,true,26.785300403797855,2,true,52.582049149061476,3,true
0,0,18,12,3,14.81892501222585,1,true,70.6883292158924,4,true,21.817832807724272,2,true,66.74645486885566,4,true
3,1,20,5,5,56.61392968082292,4,true,98.1471191160297,6,true,23.937951607652828,2,false,75.61688609404835,4,true
4,3,21,12,5,59.93388482215266,4,true,65.32981468893118,4,true,40.35137422733769,3,true,89.11847753222592,5,true
2,3,22,7,5,10.510381168621715,1,true,76.63918322657969,4,true,37.02571502570458,3,true,84.69580397114159,5,true
4,3,19,6,4,18.958194851886315,1,true,84.44457294232717,5,true,25.73265489056356,2,true,74.80703221609755,4,false
2,3,22,8,3,48.089070134041805,3,true,102.46624098443449,6,true,54.75051895121834,4,true,87.80836558070362,5,true
1,3,18,10,1,92.61514396256406,6,true,102.22912178466446,6,true,48.9083998999174,4,true,90.15344803225832,5,true
2,1,21,3,5,49.5563837661657,4,true,69.68813207183598,4,true,32.219523473794304,3,true,71.01653331901993,4,true
0,3,18,15,4,90.89450527537147,6,true,104.54169398775744,6,true,24.557739518689353,2,false,56.248777505907604,3,false
6,3,22,4,1,66.07388923405175,5,true,66.12778525184054,4,true,27.288637653413392,2,false,50.420546081723124,3,false
0,0,22,11,5,48.233760147343276,3,true,76.35654514896669,4,true,26.932061385333387,2,true,74.5506706098035,4,true
4,1,18,6,4,97.63035699534004,6,true,105.45165727725315,6,true,49.89837520782417,4,true,71.49163487799652,4,true
0,1,20,12,4,48.683775062802155,3,true,84.20880941137789,5,true,54.39027329523621,4,true,76.20801936236384,4,true
2,3,22,8,3,23.254835941464176,2,true,99.1199053626149,6,true,25.080525509037226,2,false,71.57011051112652,4,true
6,0,18,3,1,35.84806654867659,3,true,89.38736513233223,5,true,23.42119355443376,2,false,49.90250122136738,3,true
1,1,20,14,3,47.03043258826918,3,true,98.84118617500816,6,true,22.351114401053678,2,true,50.29364918731222,3,false
6,3,19,5,1,39.47158662049553,3,true,68.51310392789614,4,true,51.77951699868442,4,true,54.819028810850874,3,true
4,1,19,4,4,84.00474246179361,5,true,83.63289929444367,5,true,37.51286197474807,3,true,90.9941070166475,5,true
4,3,22,12,4,65.7867313928549,5,true,91.42315307924008,5,true,51.369258370221615,4,true,85.97170268387801,5,true
3,0,18,10,2,61.127730789338564,4,true,100.55038070148571,6,true,53.093259503576284,4,true,87.18142594288629,5,true
6,1,18,15,5,47.82440834929949,3,true,104.67843707105146,6,true,35.498408915835604,3,true,53.0439185314904,3,false
3,3,19,13,1,45.19387279917405,3,true,88.94113843433037,5,false,27.907011684396558,2,true,51.543688896640624,3,true
3,3,22,8,3,38.38662593443907,3,true,101.209865849085,6,true,22.161003641977207,2,true,52.52745920563015,3,false
0,1,21,6,3,70.34979005202527,5,true,87.31794536999192,5,false,40.854576098168714,3,true,52.69405226846172,3,true
0,1,18,10,1,14.199412381778643,1,true,70.8068616888716,4,true,50.0529923476297,4,true,50.045101916306784,3,false
2,3,20,4,4,95.37606547248356,6,true,105.70669681001014,6,false,28.576662780691574,2,true,51.02633451606035,3,true
3,0,21,9,2,52.235399360397714,4,true,83.84343223058404,5,true,24.685566627601702,2,true,69.67853632247238,4,true
3,0,18,7,5,58.01111919081677,4,true,90.38354387537873,5,true,53.07650143551487,4,true,89.2883914849163,5,true
4,1,18,3,1,80.54671860092773,5,true,76.97860206271558,4,true,53.13394900961161,4,true,71.8626881245606,4,true
3,3,21,14,4,45.17302371888893,3,true,106.82914564171159,6,false,51.74115645108241,4,true,51.09136354971015,3,true
0,0,19,8,3,35.45761121623117,2,true,71.3774336955231,4,true,46.22469972542944,4,true,68.92747672262195,4,true
2,0,20,3,5,13.479684555216693,1,true,88.90404418453204,5,true,24.276635222989533,2,true,54.11557246661989,3,true
4,1,21,6,2,94.98702013438029,6,true,108.52356846603038,6,true,40.07726321984956,3,true,51.05096303135422,3,true
2,1,19,13,5,80.03335628064379,5,true,72.94832041855142,4,true,51.24006135113809,4,true,83.80732268225823,5,true
1,0,20,15,4,56.150647324860195,4,true,86.3183235421003,5,true,41.718474623790044,3,true,67.14427349829229,4,false
1,1,19,4,4,84.3631565884083,6,true,113.91893566252791,6,true,47.76982963180952,4,true,66.61695857319305,4,false
1,1,19,13,4,24.201359260434664,2,true,71.98861378196997,4,true,31.21052327860281,3,true,86.18333423092517,5,true
6,2,18,5,2,37.72735751290303,2,true,84.58980178491757,5,true,48.154991095209375,4,true,89.15844130745919,5,true
2,1,19,6,2,65.92153276567902,5,true,100.93805878020416,6,true,53.55808726863473,4,true,47.46657982165121,3,false
3,1,19,7,2,28.540809727600923,2,true,103.00293076708674,6,true,51.22828711192323,4,true,48.55723713115144,3,true
4,2,19,3,2,89.71047991358886,6,true,103.94153372337264,6,true,38.14435085529705,3,true,73.81566579849303,4,true
4,3,22,5,4,63.96494374160658,4,true,105.33071716064892,6,true,47.597512231405666,4,true,54.50908871804976,3,true
0,2,21,14,4,93.24890740930364,6,true,65.51611243579244,4,true,24.734382797794385,2,false,53.20206063960253,3,false
6,3,19,14,3,27.20512409169695,2,true,67.5612347281877,4,true,49.043045047762185,4,true,85.76536013639749,5,true
0,1,19,14,2,92.89416839404663,5,true,88.17694758767429,5,true,27.031027282377686,2,false,86.12698539836137,5,true
4,1,22,4,3,45.1012890275433,3,true,94.05679959022571,5,false,35.17408450437257,3,true,69.37884991647168,4,true
1,2,22,7,1,44.45173709425753,3,true,112.66132499710699,6,true,35.63700830570445,3,true,65.89314437586307,4,true
6,3,21,5,3,32.67603628039995,2,true,88.15843213415667,5,true,49.677777245671,4,true,67.742831732032,4,true
3,2,20,9,2,66.66028675537635,5,true,86.22399870534528,5,true,23.763495599758755,2,true,50.0722722989891,3,false
6,1,22,4,1,75.60907978782856,5,true,68.85433987655506,4,false,26.85811323408393,2,true,51.186811542267506,3,true
1,0,19,12,3,41.284583764259004,3,true,88.24374396875108,5,true,45.71872864859683,4,true,85.22550162677608,5,true
3,1,19,13,2,47.93872928204527,3,true,104.18601068600641,6,true,25.707697585444997,2,true,88.07382542911213,5,true
6,0,21,5,1,60.40400397706358,4,true,70.52296330783177,4,true,24.93659274083735,2,true,90.93713604195679,5,true
0,0,19,11,4,30.13740400787296,2,true,69.25008884482159,4,true,23.26911159074124,2,false,54.29396094095687,3,true
3,2,21,3,1,79.7141152894843,5,true,107.63578746691495,6,true,53.539484788757825,4,true,54.173783551029175,3,true
2,0,21,4,3,75.63995239493782,5,true,108.6638785957989,6,true,50.7864791538308,4,true,71.43505536046816,4,true
6,2,22,14,4,92.13806142788442,6,true,87.84675116855645,5,false,38.9474836521746,3,true,90.3015819652959,5,false
2,2,21,7,2,82.34789964679138,6,true,69.48425595327474,4,true,39.56879388722796,3,true,89.88082777641493,5,true
3,0,22,10,4,94.75309193033387,6,true,85.03353175900635,5,true,37.298114773086496,3,true,67.15996552936602,4,true
6,1,20,7,2,68.85269532211028,4,true,106.91730815949677,6,true,22.31181375572153,2,true,70.02043466213355,4,true
2,2,21,11,3,70.5145231740882,5,true,75.75611275746121,4,true,48.0072973679269,4,true,54.692105781391746,3,true
3,2,21,5,1,69.15424524070912,5,true,91.45670035542915,5,true,35.37609761799787,3,true,65.73459391921753,4,true
6,3,21,5,5,61.784871675052834,4,true,74.37920050463865,4,true,51.85375915222948,4,true,54.869937815831605,3,true
3,3,18,8,4,41.798136645379145,3,true,108.49971465873386,6,true,35.35503082887455,3,true,52.33368891201503,3,false
6,1,18,12,1,81.06914383693598,5,true,68.9156498588345,4,true,25.120046080054856,2,false,85.57591402922588,5,false
4,3,19,10,3,58.519988976915066,4,true,108.41523723273444,6,true,39.25524074793213,3,true,53.81999990809516,3,true
0,2,20,12,3,74.05358075127195,5,true,87.16602791804237,5,true,50.49227848115182,4,true,52.715100613380535,3,true
2,0,21,11,2,55.86616560860366,4,true,69.24532779081294,4,true,36.12699734378967,3,false,88.19534926894156,5,true
4,3,18,8,5,43.02483672614936,3,true,89.71981208882804,5,false,54.096294712365705,4,true,55.48521243742293,3,true
2,1,21,15,4,83.47987126284103,5,true,88.19597577917207,5,true,27.07734907689302,2,true,89.92136428168868,5,true
0,3,21,11,4,83.08399316598093,6,true,108.75054313967262,6,false,24.536578950494956,2,true,50.67824912298208,3,false
4,3,18,10,2,15.837301720037088,1,true,101.32391718063704,6,true,33.786673764496214,3,true,50.64173718651634,3,true
1,1,21,6,2,65.57233183217511,5,true,85.34741422480704,5,true,39.74284287605752,3,true,49.220344687916445,3,false
1,1,22,4,3,28.367341489146142,2,true,105.15135974193089,6,true,24.534692946980847,2,true,74.22563343814119,4,true
4,2,21,10,1,68.63117080660302,4,true,87.42725017068045,5,true,48.88615802070605,4,true,94.63214600111446,5,true
6,3,22,7,2,94.20494699681484,6,true,71.34556977062657,4,true,24.863912117767722,2,true,90.93463910115106,5,false
6,1,21,11,2,88.25253417125326,6,true,70.39391877459762,4,true,28.252684520006362,2,false,73.1535194213448,4,true
0,3,20,6,2,42.446647619139966,3,true,68.53358990010196,4,false,51.78773427750956,4,false,89.49991490436369,5,true
0,3,20,11,4,65.21201265960723,4,true,104.70606438055847,6,true,28.84402077880893,2,true,85.7529779446204,5,true
0,3,20,5,1,67.6455998187135,5,true,66.97342938389646,4,true,55.02742315965184,4,true,73.30338418312766,4,true
0,2,18,4,4,50.46600640974076,3,true,68.6794753092042,4,true,33.028592695004605,3,true,66.26818376590265,4,true
3,2,20,9,5,65.30450795451033,4,true,100.86137149959139,6,true,48.54451552910196,4,true,67.90195729495791,4,false
0,1,19,3,1,58.873181863585884,4,true,87.38520404541923,5,true,25.40780971449889,2,true,68.6530321829687,4,false
3,3,20,7,5,95.95706697134375,6,true,111.41026198209903,6,true,38.41080266175961,3,true,70.99071000548729,4,true
1,2,20,3,5,56.19517792451765,4,true,70.58895680066044,4,true,49.20664968913671,4,true,90.3644052364998,5,true
1,1,18,7,5,75.1657239529626,5,true,83.63191149191499,5,true,46.5570215480655,4,true,87.2118702751081,5,true
0,0,22,12,5,107.76551755252844,6,true,85.24253540879728,5,true,57.20132362266639,4,true,67.69710132840909,4,true
1,0,20,13,3,29.489945646197103,2,true,67.17284716723111,4,true,38.63450095667517,3,true,52.19720662879231,3,false
0,2,19,11,2,90.46738955722678,6,true,84.32081540042195,5,true,37.12506892756944,3,true,69.76571158159238,4,true
6,0,21,6,5,97.81557632978665,6,true,72.04762616495094,4,true,24.560130078991417,2,true,89.06286892357923,5,true
1,2,22,7,4,62.692377758951324,4,true,104.50100617366743,6,true,22.144028638862444,2,true,69.77186723407266,4,true
3,3,20,3,5,67.30829805726961,4,true,104.43285701127739,6,true,25.700309834356517,2,false,86.10784761102138,5,true
2,3,21,5,4,58.49840072006012,4,true,65.07597000835955,4,true,25.582353649992346,2,true,85.34112588714575,5,true
6,2,20,5,5,45.17900244554974,3,true,89.1778003363022,5,true,28.645544035668397,2,false,82.58255020825447,5,true
2,1,19,4,3,88.32733786042945,6,true,68.61293323103735,4,true,39.3560612953883,3,true,54.90639029373801,3,true
0,0,21,4,2,27.74986642382257,2,true,67.29170973495344,4,true,23.808165900434457,2,false,51.36926382502493,3,true
4,1,22,15,4,18.259915856795892,1,true,99.69582733493371,6,true,35.28397550795468,3,true,86.36814675474875,5,true
1,2,18,15,3,73.89107182004625,5,true,112.61058422729879,6,true,21.525673781808603,2,false,69.54207730165876,4,true
3,0,20,5,3,32.17328409399489,2,true,76.17190775577824,4,false,46.78241848265217,4,true,89.87932736700395,5,true
0,1,21,10,3,67.75792569160599,4,true,85.85344002542534,5,true,37.96512008585914,3,true,85.1663140961712,5,true
0,0,20,4,1,60.694917797113284,4,true,92.59292145578235,5,true,50.28865297450995,4,false,90.6049845982201,5,true
2,0,18,12,2,44.41433733031039,3,true,90.60049036570675,5,true,52.55022903657865,4,true,86.75676742482008,5,true
0,2,21,11,1,29.320215375792856,2,true,108.76120887666323,6,true,42.958608020090786,3,true,71.17974771383663,4,true
0,2,19,9,5,76.8334270244143,6,true,69.05479355463136,4,true,40.15107122344132,3,true,72.53120298873972,4,true
6,0,20,12,5,70.69803384058382,5,true,103.8583447915374,6,true,24.224134603159268,2,true,87.28109346198156,5,true
4,1,21,3,1,55.93255886099277,4,true,72.44042738522808,4,true,48.053821560298914,4,true,55.17677524628822,3,true
6,2,20,11,4,78.69577720972985,5,true,69.3729688552477,4,true,50.895138986257116,4,false,70.1653969562161,4,true
6,3,21,8,4,55.19795261767773,4,true,71.5154915353119,4,true,39.05172025811195,3,true,53.47923677918444,3,false
1,1,21,3,5,47.955265570083625,3,true,98.99446787498312,6,true,34.43492246474566,3,true,70.20843113509778,4,false
2,3,20,13,2,64.51122466215699,4,true,82.44709088392457,5,true,51.76854956118152,4,true,49.16680155674478,3,true
4,1,22,14,1,50.894969614392956,4,true,87.96440087505638,5,true,52.60719706382319,4,true,55.00187618724332,3,true
0,1,22,8,1,33.085710174986545,2,true,86.20599613125464,5,true,38.59130033581253,3,true,52.97571193251451,3,true
6,3,18,11,3,32.48009537218965,2,true,71.09406207276244,4,true,24.57527262380371,2,true,70.78877484324902,4,true
3,2,19,8,2,89.32133499627666,5,true,104.22238652938901,6,false,34.87049947769281,3,true,68.9862509612913,4,true
2,1,18,11,2,91.23446636487667,6,true,88.49968976113908,5,true,26.111289412772276,2,false,69.22850775940596,4,true
4,3,20,6,4,82.1342533137268,5,true,72.4191766184656,4,true,51.157543667676755,4,true,66.4747633661485,4,true
2,3,22,14,2,58.74562737631445,4,true,71.12383555339001,4,true,50.22770957633469,4,true,50.5371295786708,3,true
6,3,18,9,3,73.81647513526778,4,true,68.65424411865095,4,true,49.36608248456331,4,true,71.99311239880753,4,false
3,1,20,3,3,62.31882081463195,4,true,106.95718260705036,6,true,35.52929374003545,3,true,89.15240858917095,5,true
2,1,18,15,4,59.373686378208944,4,true,102.87254003370238,6,true,49.29702921783241,4,true,85.64848564408014,5,true
3,0,21,4,2,45.5706543866248,3,true,84.70991198935,5,true,52.71321211005605,4,true,70.80593794380454,4,true
3,0,19,5,5,101.32936853587235,6,true,101.12406154270968,6,true,49.91431093692197,4,true,70.59305873239792,4,true
4,2,22,9,5,67.03287584424241,5,true,106.83851536278613,6,true,41.66436390808668,3,true,67.27970816489713,4,true
